dataset,n_folds,n_obs,M3_overall_MAE,M4_overall_MAE,mean_per_station_delta,ci_low_95,ci_high_95,p_two_sided,n_valid_folds,ci_excludes_zero
all_stations,27,40389,0.9331908120529049,0.9167539091559062,-0.016445246331939754,-0.020041931272300244,-0.0127944777225381,0.0,27,True
no_S142,26,38893,0.9234501362496798,0.9076347234322111,-0.01582433782069128,-0.019658936392578107,-0.012054411362709856,0.0,26,True
hourly_mean,27,10473,0.8918133550730747,0.8775680409295555,-0.014251157232762095,-0.018530172859197787,-0.010158114935617584,0.0,27,True
hourly_max,27,10473,0.9445122220194916,0.9365263076352396,-0.007991687074934247,-0.01226403709216242,-0.003787459320662927,0.0,27,True
