feature_set,model,split_family,MAE,RMSE,R2,Spearman,top10pct_overlap,neutral_accuracy,robust_anchor_MAE,h10_MAE,h10_Spearman,b86b_best_MAE,improvement_vs_b86b_best,failure_type,claim_boundary
minimal_physics_interpretable,random_forest_regressor,cell_group_holdout,0.18557184653789816,0.35128437082711345,-0.12105638485921674,0.5308683838492726,0.26666666666666666,0.6679999999999999,0.8095903705473748,0.1469355075229109,0.4756320234024051,0.1811314669899484,-0.024514677773774942,missing-feature-likely,Weak split diagnostics over compact SOLWEIG-derived labels only.
minimal_physics_interpretable,random_forest_regressor,forcing_day_holdout,0.08809755574755701,0.14795545887473605,0.834003723921197,0.7713955877405333,0.8666666666666667,0.72,0.14319886743619287,0.09922802437556616,0.7098583703100496,0.0665807013802575,-0.3231695359352237,not-flagged,Weak split diagnostics over compact SOLWEIG-derived labels only.
minimal_physics_interpretable,random_forest_regressor,hour_holdout,0.08992576567821217,0.15005294169952416,0.7554720682678243,0.7684407747669858,0.8933333333333333,0.732,0.23823973309523266,0.1048675694757183,0.6943403560278447,0.048481305870958,-0.8548544446712357,not-flagged,Weak split diagnostics over compact SOLWEIG-derived labels only.
minimal_physics_interpretable,random_forest_regressor,spatial_holdout,0.18829926356836574,0.32610377244902833,-0.3602578605940655,0.4132844484579731,0.25,0.6363982168258484,0.6238892616769672,0.15142235313916869,0.3522182059219843,0.1873051698277636,-0.005307348118134082,spatial-bin-out-of-domain,Weak split diagnostics over compact SOLWEIG-derived labels only.
minimal_physics_interpretable,random_forest_regressor,typology_holdout,0.19212315255813844,0.28300918533185887,-1.07836753182535,0.37207057399433585,0.21904761904761902,0.5728905982905983,0.693464548232386,0.1623352290625751,0.2683315221093493,0.21212114442155866,0.09427627744491732,typology-out-of-domain,Weak split diagnostics over compact SOLWEIG-derived labels only.
