formula,n,bias_pred_minus_obs,mae,rmse,r2,pred_mean,obs_mean
stull_simple_globe_k0p0065,40389,-0.821547256714123,1.2533248011128755,1.7269364890245003,0.34655988450346986,26.174726481184805,26.99627373789893
stull_simple_globe_k0p0055,40389,-0.8391130213628312,1.2631701099271748,1.7435895918014301,0.3338966824724776,26.157160716536104,26.99627373789893
existing_v09_proxy,40389,-0.8566787860115394,1.2731949376228195,1.76056726197049,0.32086157275610905,26.139594951887396,26.99627373789893
reconstructed_from_v09_components,40389,-0.8566787860115394,1.2731949376228195,1.76056726197049,0.32086157275610894,26.139594951887396,26.99627373789893
stull_simple_globe_k0p0045,40389,-0.8566787860115394,1.2731949376228198,1.76056726197049,0.32086157275610894,26.139594951887396,26.99627373789893
stull_simple_globe_k0p0035,40389,-0.8742445506602474,1.2833680406938335,1.77786020119025,0.3074545553543644,26.122029187238688,26.99627373789893
stull_simple_globe_k0p0025,40389,-0.8918103153089554,1.293697871979534,1.7954592999564718,0.2936756302672435,26.104463422589976,26.99627373789893
no_radiation_sensitivity_tg_eq_tair,40389,-0.9357247269307265,1.3204542675999997,1.8407384914358995,0.25760122142592035,26.060549010968206,26.99627373789893
