formula,n,min,p01,p05,p25,p50,p75,p90,p95,p99,max,mean
existing_v09_proxy,40419,23.021998714261414,23.72546540531567,24.22794139098496,25.268713814858508,26.1555838901211,27.043802749870498,27.66871097108976,27.96716203420671,28.534765160019784,29.23536576092879,26.140358666385584
reconstructed_from_v09_components,40419,23.021998714261418,23.72546540531567,24.22794139098496,25.268713814858508,26.1555838901211,27.043802749870498,27.66871097108976,27.96716203420671,28.534765160019784,29.23536576092879,26.140358666385584
stull_simple_globe_k0p0025,40419,23.021998714261418,23.72546540531567,24.22794139098496,25.265593050343522,26.1370951516023,26.981505343090866,27.5700856506302,27.851109508392828,28.406362460152014,29.053974783845682,26.10517739866062
stull_simple_globe_k0p0035,40419,23.021998714261418,23.72546540531567,24.22794139098496,25.268713814858508,26.148512507282245,27.01612122736115,27.627818972572435,27.90816735279284,28.4705638100859,29.144670272387234,26.122768032523098
stull_simple_globe_k0p0045,40419,23.021998714261418,23.72546540531567,24.22794139098496,25.268713814858508,26.1555838901211,27.043802749870498,27.66871097108976,27.96716203420671,28.534765160019784,29.23536576092879,26.140358666385584
stull_simple_globe_k0p0055,40419,23.021998714261418,23.72546540531567,24.22794139098496,25.268713814858508,26.160480268211803,27.070348862789558,27.717624175104284,28.020618595858686,28.60463923011577,29.326061249470342,26.157949300248063
stull_simple_globe_k0p0065,40419,23.021998714261418,23.72546540531567,24.22794139098496,25.268713814858508,26.163728085593817,27.106160752192913,27.769597599984007,28.067506934993666,28.678505614762635,29.434283745402624,26.17553993411054
no_radiation_sensitivity_tg_eq_tair,40419,23.021998714261414,23.72546540531567,24.22794139098496,25.265593050343522,26.065763831215328,26.89941321848014,27.43761926605906,27.719987701441852,28.2458590853173,28.8272360624918,26.061200814004415
