formula,n,shift_to_make_max_reach_31,shift_to_match_observed_event_count_31,shift_to_make_p99_reach_31,observed_event_count_31,shift_to_make_max_reach_33,shift_to_match_observed_event_count_33,shift_to_make_p99_reach_33,observed_event_count_33
existing_v09_proxy,40419,1.76463423907121,3.1685928145483224,2.4652348399802158,2844,3.76463423907121,4.207519059638191,4.465234839980216,212
reconstructed_from_v09_components,40419,1.76463423907121,3.168592814548326,2.4652348399802158,2844,3.76463423907121,4.207519059638194,4.465234839980216,212
stull_simple_globe_k0p0025,40419,1.9460252161543181,3.2803070159343513,2.593637539847986,2844,3.946025216154318,4.37208219908829,4.593637539847986,212
stull_simple_globe_k0p0035,40419,1.8553297276127658,3.224759852999455,2.529436189914101,2844,3.855329727612766,4.289800629363242,4.529436189914101,212
stull_simple_globe_k0p0045,40419,1.76463423907121,3.168592814548326,2.4652348399802158,2844,3.76463423907121,4.207519059638194,4.465234839980216,212
stull_simple_globe_k0p0055,40419,1.6739387505296577,3.115704945472821,2.395360769884231,2844,3.6739387505296577,4.125237489913147,4.395360769884231,212
stull_simple_globe_k0p0065,40419,1.5657162545973762,3.06191533064289,2.321494385237365,2844,3.565716254597376,4.042955920188099,4.321494385237365,212
no_radiation_sensitivity_tg_eq_tair,40419,2.1727639375082006,3.41658036874572,2.7541409146827007,2844,4.172763937508201,4.565945462043064,4.754140914682701,212
