hour_sgt,n_rows,n_cells,claim_boundary,MAE,RMSE,R2,Spearman_observed_vs_predicted,Pearson_observed_vs_predicted,bias,p90_abs_error,sign_accuracy,top5_overlap,top10pct_overlap,top20pct_overlap
10,1462,150,"SOLWEIG-derived compact Tmrt-delta surrogate diagnostic only; not WBGT, risk, observed truth, causal feature importance, B9, AOI-wide prediction, or System A/B coupling.",0.16773451526375682,0.34777401697913707,-1.0693781388913575,0.3575886072558766,0.41419540348898426,-0.053162735758840896,0.5186719858948635,0.7435020519835841,0.6,0.6,0.6
12,1462,150,"SOLWEIG-derived compact Tmrt-delta surrogate diagnostic only; not WBGT, risk, observed truth, causal feature importance, B9, AOI-wide prediction, or System A/B coupling.",0.18321988993538796,0.37821086992025915,-0.29143776871688587,0.44155399342670004,0.44947712054903977,-0.028500295940108493,0.5697086270820099,0.7653898768809849,0.6,0.6666666666666666,0.5666666666666667
13,1462,150,"SOLWEIG-derived compact Tmrt-delta surrogate diagnostic only; not WBGT, risk, observed truth, causal feature importance, B9, AOI-wide prediction, or System A/B coupling.",0.19228554254282682,0.4010532333323977,-0.10985627497275563,0.4609231881456713,0.460566314249932,-0.017404694494276125,0.6027432579924593,0.7441860465116279,0.6,0.6666666666666666,0.5666666666666667
15,1462,150,"SOLWEIG-derived compact Tmrt-delta surrogate diagnostic only; not WBGT, risk, observed truth, causal feature importance, B9, AOI-wide prediction, or System A/B coupling.",0.2068425469935654,0.41465732095233593,-0.13244100410167658,0.47709576591869857,0.4772262899865796,-0.04375815287807514,0.6572853622938227,0.746922024623803,0.6,0.7333333333333333,0.5666666666666667
16,1462,150,"SOLWEIG-derived compact Tmrt-delta surrogate diagnostic only; not WBGT, risk, observed truth, causal feature importance, B9, AOI-wide prediction, or System A/B coupling.",0.2185678408628628,0.42439531430409,-0.18110182437174283,0.49066338644969265,0.48500715246125137,-0.06593210713555994,0.6915198651010813,0.7606019151846786,0.6,0.7333333333333333,0.5666666666666667
