n,bias_pred_minus_obs,mae,rmse,p90_abs_error
2564,-1.1403595117184548,1.3247868577327042,1.949098725076459,3.5883584557595554
