model_name,regime_variable,regime_bin,n,n_obs_ge31,n_pred_ge31,n_ge31_hit,n_ge31_miss,n_ge31_false_alarm,mean_official_wbgt_c,mean_model_score,mean_residual_c,median_residual_c,p75_residual_c,p90_residual_c,mean_abs_error_c,p90_abs_error_c,max_abs_error_c
M4_inertia_ridge,no_weather_regime,weather_columns_absent,3348,408,290,194,214,96,27.509976105137394,27.407595440036587,0.10238066510081124,0.06422554274001868,0.6420913086997198,1.3020342239546483,0.7263512593136434,1.5882929913738792,3.950796573636591
M7_compact_weather_ridge,no_weather_regime,weather_columns_absent,3348,408,357,231,177,126,27.509976105137394,27.53628858337942,-0.026312478242020154,-0.042271744680185463,0.5402689649501493,1.068365324135046,0.7478869951035677,1.6243952306070926,5.146123153269606
