tile_id,old_dsm_area_m2,new_dsm_area_m2,osm_area_m2,osm_count_intersections,old_vs_osm_completeness,new_vs_osm_completeness,coverage_gain_vs_osm,new_minus_old_dsm_area_m2,tile_type,cell_id
T01_clean_hazard_top,6676.0,72872.0,78517.76102730792,209,0.08502534856639805,0.9280957460650927,0.8430703974986946,66196.0,clean_hazard_top,TP_0116
T02_conservative_risk_top,5472.0,40968.0,40980.01796307116,74,0.13352849198189842,0.999706736022371,0.8661782440404726,35496.0,conservative_risk_top,TP_0378
T03_social_risk_top,55848.0,86052.0,84074.7395203767,78,0.664266107972472,1.0235178900452506,0.35925178207277864,30204.0,social_risk_top,TP_0452
T04_open_paved_hotspot,30556.0,76524.0,76933.08525541186,150,0.39717632405559267,0.9946825835197727,0.59750625946418,45968.0,open_paved_hotspot,TP_0120
T05_clean_shaded_reference,12384.0,74944.0,73286.44831818546,70,0.16898076362266565,1.0226174377371653,0.8536366741144996,62560.0,clean_shaded_reference,TP_0433
T06_overhead_confounded_hazard_case,0.0,67380.0,67455.59330568733,215,0.0,0.9988793619330458,0.9988793619330458,67380.0,overhead_confounded_hazard_case,TP_0575
