cell_id,old_dsm_area_m2,new_dsm_area_m2,osm_area_m2,osm_count_intersections,old_vs_osm_completeness,new_vs_osm_completeness,coverage_gain_vs_osm,new_minus_old_dsm_area_m2
TP_0023,1556.0,1248.0,1531.8263824711146,3.0,1.0157809121226187,0.8147137392860078,-0.2010671728366109,-308.0
TP_0052,2148.0,2004.0,2262.536128975399,5.0,0.9493771049626212,0.8857317124511604,-0.06364539251146073,-144.0
TP_0250,2664.0,2400.0,1958.9717493922249,4.0,1.3598970994995265,1.2251325220716456,-0.13476457742788095,-264.0
TP_0279,1184.0,1080.0,1255.3887388892579,3.0,0.9431341570321706,0.8602912918874529,-0.08284286514471773,-104.0
TP_0743,3316.0,2120.0,1978.139105744887,3.0,1.6763229594772753,1.0717143166742533,-0.604608642803022,-1196.0
