station_id,official_wbgt_c,wbgt_proxy_c,wbgt_calibrated_c
S109,30.8,30.1,30.80710059171598
S111,31.4,31.599999999999998,31.406213017751483
S43,31.1,30.8,31.08668639053255
