group,n,mae,rmse,bias,corr
all,3,0.008875739644971977,0.009421114395320273,3.552713678800501e-15,0.999260081289734
