{
  "intercept": 18.784911242603442,
  "slope": 0.39940828402367223,
  "n": 3,
  "rmse_before": 0.45460605656619485,
  "rmse_after": 0.009421114395320273,
  "mae_before": 0.39999999999999974,
  "mae_after": 0.008875739644971977,
  "bias_before": -0.2666666666666669,
  "bias_after": 3.552713678800501e-15
}